Product ID,Reviews,Questions,Total reviews
PID1,"Gohar I.
4 months ago
...
this is the initial review. the phone is the same as shown.good thing is that it is managed directly by Daraz. packaging was amazing. order came 1 day late only.
Storage Capacity:128GB, Color Family:Mint
22
4
Yasir Q.
2 months ago
...
Daraz is very helpfulüòéüòéI was not have enough money to buy this range mobile so i buy on installment from darazüòçüòçüòç Mobile ki look boht achi hy or is range mai best hyüòÅThanks daraz and sellerü§ì
Storage Capacity:128GB, Color Family:Grey
20
1
3***4
3 months ago
...
Camera satisfactory nh ha, Baki mobile ok ha
Storage Capacity:128GB, Color Family:Blue
30
4
1
2
3
4
‚Ä¢‚Ä¢‚Ä¢
134",0,401
PID2,"Snake E.
3 weeks ago
...
I got what was shown, but I want to tell about the seller that my chat was not responded even after a couple of days, so please make your availability there so that the customer can place the order with full sitesify. Because the amount matters But my goal was to buy the product from there, so I took what I have and it is üíØ %authentic, and the warranty has not started yet, But the handsfree did not come out of the box, maybe not provided by the company. So the Overall experience was great and the seller is highly recommended. Thanks Daraz & Seller.ü•∞
Storage Capacity:256GB, Color Family:Black
26
4
israr A.
7 days ago
...
Great Experience as usual and I have purchased many mobiles from DARAZ but this time get maximum discount in 11/11 Sales on Note 30 pro
Storage Capacity:256GB, Color Family:Black
1
Amir B.
2 weeks ago
...
Allahamdolilah receivedüì© mobile is original and new as mentioned recommended for buying. same thing which is ordered rather late delivered
Storage Capacity:256GB, Color Family:Gold
4
1
2
3
4
‚Ä¢‚Ä¢‚Ä¢
51",217,152
PID3,"Habib R.
2 weeks ago
...
#11.11 PTA approved device received safely. Mobile battery was low and required charging before getting on.
Storage Capacity:128GB, Color Family:Blue
7
ChefMisbah
2 weeks ago
...
everything is perfect colour b same aya..üòá I am so happy thanks Daraz ..‚ù§ highly recommended... üëåüëç
Storage Capacity:128GB, Color Family:Blue
2
junaid K.
2 weeks ago
...
#11.11 sale main good mobile mil gaya hy market sy bhi sasta same as shown in the picture üò∫ reviews dekh ky tu dar gaya tha but ‚ù§Ô∏è genuine product hy pin pack pta approved and non active
Storage Capacity:128GB, Color Family:Blue
2
1
2
3
4
‚Ä¢‚Ä¢‚Ä¢
31",140,92
PID4,"Usman M.
2 weeks ago
...
Received as promised almost 10/10 condition genuine phone with genuine parts no issue found. Thanks will buy again in shaa allah
Color Family:Silver
24
4
1",0,1
PID5,"Hussain
4 months ago
...
So far it's good. Seems good. I'll update my review after checking thoroughly. By the way it's genuine product.
Storage Capacity:128GB, Color Family:Grey
11
Faisal B.
4 months ago
...
Very reasonable price, home delivery on the scheduled date, excellent packaging, unopened sealed phone box, approved from PTA, thank you daraz.
Storage Capacity:128GB, Color Family:Grey
9
Farhan K.
3 months ago
...
100% genuine phone. Timely delivered. Satisfied with my order from daraz.pk highly recommended
Storage Capacity:128GB, Color Family:Grey
6
4
1
2
3
4
‚Ä¢‚Ä¢‚Ä¢
66",0,198
PID6,"aamir B.
2 weeks ago
...
Tecno Spark 10 Pro üíØ% original mobile, PTA approved, sealed pack, box pack, with all accessories. thank and love u daraz and seller ü•∞üåπüëç
Storage Capacity:256GB, Color Family:Magenta
7
1
Muhammad Z.
1 week ago
...
Excellent üëç Pin pack device with mega discount in #11.11 #11.11 seller is honest Daraz has become a life patner. Thanks Daraz. Thanks Tecno Pakistan.
Storage Capacity:256GB, Color Family:White
2
A***.
2 weeks ago
...
Mobil is little bit slow, camera result average. Seller is not cooperating but product received is well packed and as per mentioned specifications
Storage Capacity:256GB, Color Family:Black
10
1
2
3
4
‚Ä¢‚Ä¢‚Ä¢
28",0,84
PID7,"Abdul H.
3 weeks ago
...
highly recommend...
Color Family:Silver
6
4
1",0,1
PID8,"Mohammad N.
5 months ago
...
very very beautiful mobile ..i very happy.. price b okk.thanks daraz and seller ..thanku
Seller Response
5 months ago
Thank U Sir ,We Want To Make A Good Relation With Our Costomers
Storage Capacity:128GB, Color Family:Blue
115
8
Shahid B.
4 weeks ago
...
thank you Daraz. kam price m achi chiz. saller bht acha h. mobile bht acha h. jaisa dikha waisa paya
Storage Capacity:128GB, Color Family:Gold
9
1
Syed I.
2 weeks ago
...
#11.11 Wow! What a great mobile. The real thing is that seal pack, original, PTA approved, Under Warranty and all the accessory was included. Really appreciated to honest seller. This was my 1st time order of mobile phone and I was frightened but on receipt of mobile I joy and very very happy to see mobile. specifications are also same as describing.. Thanks seller and DARAZ
Storage Capacity:128GB, Color Family:Gold
8
1
2
3
4
‚Ä¢‚Ä¢‚Ä¢
32",225,94
PID9,"Abdul S.
2 months ago
...
1 . Look & Design: Phone is awesome in look very beautiful design. Feels like premium flagship 2. Performance : Satisfactory 3. Battery : Awesome 4. Front Camera Average 5. Back Camera : Good but not excellent 6. Over all : Value for money. Recommended this item.
Seller Response
2 months ago
Thank you for trusting alhamdulilah trading khanewal, hope you will prefer us for next purchase. Thank you once again for rating Jazak Allah
Storage Capacity:128GB, Color Family:Black
28
5
3***8
2 months ago
...
ÿ®€Åÿ™ €Å€å ÿß⁄Ü⁄æÿß ŸÖŸàÿ®ÿßÿ¶ŸÑ €Å€í ÿßŸàÿ± ÿ®€Åÿ™ Ÿæ€åÿßÿ±€å Ÿæ€å⁄©ŸÜ⁄Ø €Å€í ÿ®€åÿ≥Ÿπ ⁄©ŸàÿßŸÑŸπ€å ⁄©ÿß ŸÖŸàÿ®ÿßÿ¶ŸÑ €Å€í ÿßŸàÿ± ÿ®€Åÿ™ €Å€å ⁄©ÿßŸÖ ŸÇ€åŸÖÿ™ ŸÖ€å⁄∫
Seller Response
2 months ago
Thank you for trusting alhamdulilah trading khanewal, hope you will prefer us for next purchase. Thank you once again for rating Jazak Allah
Color Family:Black, Storage Capacity:128GB
30
5
M J.
2 months ago
...
I like the product its non active device and nicely company packed. I Always order from your store. üëç thanks i received samecolor as i want
Seller Response
2 months ago
Thank you for trusting alhamdulilah trading khanewal, hope you will prefer us for next purchase. Thank you once again for rating Jazak Allah
Color Family:Green, Storage Capacity:128GB
19
1
1
2
3
4
‚Ä¢‚Ä¢‚Ä¢
44",182,132
PID10,"Zeeshan M.
2 weeks ago
...
Totally satisfied with my purchase.
Color Family:White
12
Sheher Y.
2 weeks ago
...
I got good value for money and will definitely buy from them again. The phone is in perfect condition and is a genuine product. 1111
Color Family:White
3
1",0,2
PID11,"Raz M.
1 week ago
...
Mashallah 11.11 Sale Received safe packed PTA approved Dilivered in time response excellent Great Quality Satisfied original item received thanks seller and Daraz üëçüëçüòÅüòä
Storage Capacity:64GB, Color Family:Copper
Muhammad Y.
2 weeks ago
...
Quality is good. Original product. Non activated
Storage Capacity:64GB, Color Family:White
AC R.
2 weeks ago
...
# 11.11 brand new. pin packed. good quality. got in 20000/- only. made in Pakistan. Seller Recommended.
Storage Capacity:64GB, Color Family:Copper
2
1
2
3
4
‚Ä¢‚Ä¢‚Ä¢
15",37,43
PID12,"Asb
2 weeks ago
...
awesome condition...very light and tiny scratch....91 percent battery...
Color Family:Black
1
1",0,1
PID13,This product has no reviews.,0,1
PID14,"Qasim I.
5 days ago
...
its PTA approved device..
Storage Capacity:64GB, Color Family:Multicolor
8
Raheel A.
2 weeks ago
...
Very Nice Mobile Thanks
ÿßÿ≥ŸπŸàÿ±€åÿ¨ ⁄©€å ÿµŸÑÿßÿ≠€åÿ™:64GB, ÿ±ŸÜ⁄Ø:ŸÖÿ™ÿπÿØÿØ ÿ±ŸÜ⁄Ø
33
1
1
2",76,4
PID15,"I***.
2 weeks ago
...
97% battery, scratch less, excellent condition, just like new.
Color Family:Red
1
1",0,1
PID16,"ANAM Z.
3 weeks ago
...
Very bad product.. Bettry health is very bad within 2 days bettry health 80 sy 75 ai.. faulty iphone hy...
Color Family:Space Grey
9
1",0,1
PID17,"Ali H.
2 weeks ago
...
Mobile phone kamal ka. tha bilkul ok piece tha.
Storage Capacity:64GB, Color Family:Black
10
farhat B.
1 hour ago
...
Baki Mobil tu thk ha but battery timing thori fast ha baki best ha thanks draz seller
Storage Capacity:64GB, Color Family:Multicolor
Hamza K.
2 weeks ago
...
bhot hi acha ha atna price ma acha hi atya ha
Storage Capacity:64GB, Color Family:Multicolor
2
1
2
3",35,7
PID18,"3***0
2 weeks ago
...
Deliver in 3 days No warrenty card No handfrees in box Only charger and low quality backcover in box Light weight Pakistan make set sparx Not Techno Spark Neo X But har cheez kam kar rahi hai design Acha hai Color Jo mangwaya wohi aya
Storage Capacity:64GB, Color Family:Maroon
10
3***1
3 weeks ago
...
Bht acha mobile he .Thank you.EXCELLENT Service.Delivered on time.
Storage Capacity:64GB, Color Family:Blue
17
Muhammad M.
3 weeks ago
...
so reasonable so beautiful just like a woo ‚ù§Ô∏èüòäüòÇ thanks daraz and thnks seller üëç
Storage Capacity:64GB, Color Family:Maroon
8
1
2
3
4
5
6
7",69,19
PID19,"Amjid H.
4 months ago
...
well packed, buht hi acha original mobile,, very fast delivery within just 2 days. good seller, I'm very happy and satisfied, thanks
Seller Response
4 months ago
thank you so much for your order review and rating keep shopping on daraz thank you
Storage Capacity:128GB, Color Family:Black
4
Usman A.
3 weeks ago
...
mobile is 100% genuine....üòç sealed pack.... seller is so much co operative... ü•∞ price is very low than other sellers or market....üëç recommended to all....üëçüëç thanks üíö
Seller Response
3 weeks ago
thank you so much for your precious order review and rating us keep shopping on daraz ‚ù§Ô∏è
Storage Capacity:128GB, Color Family:Purple
0***8
2 days ago
...
Great seller, Awesome, thank you so much.recommended seller
Seller Response
2 days ago
thank you so much for your precious order review and rating us keep shopping on daraz ‚ù§Ô∏è
Storage Capacity:128GB, Color Family:Purple
1
2
3
4
‚Ä¢‚Ä¢‚Ä¢
12",28,36
PID20,"3***1
2 days ago
...
it's really was a good experience , mobile phone has a brand new look, it's performance in future will prove it's ultimate quality and cost effectiveness
Storage Capacity:64GB, Color Family:Multicolour
Umer F.
1 day ago
...
The phone is damaged and is not working . Has been a week that I ordered a return request but haven‚Äôt received any rider who can pick up the defected piece
Storage Capacity:64GB, Color Family:Multicolour
*******847
3 days ago
...
ŸæŸÑ€åÿ≤ ÿ≥ÿ± ÿßŸæŸÜÿß ⁄Ü€åÿ≤ ŸàÿßŸæÿ≥ ŸÑ€í ÿ¨ÿßŸà ŸÜ€Å€å⁄∫ ⁄Üÿß€í €ÅŸÖ
Storage Capacity:64GB, Color Family:Multicolour
2
1
2
3
4",50,11
PID21,"3***6
3 weeks ago
...
waqt se pehly Dilevry hogai. mob b new he. jazakallah dear
Storage Capacity:256GB, Color Family:Blue
3
1",22,2
PID22,"3***9
3 months ago
...
honest seller fast shipping phone is very good camera results also nice all over good phone and I ordered again
Storage Capacity:128GB, Color Family:Green
15
2
reeb
1 day ago
...
Original product, good service and quick delivery.
Storage Capacity:128GB, Color Family:Black
1
Ahmed
2 weeks ago
...
Seller is very Good person.It delivered in just 22hours and Phone is very good üëç Same as shown and Very Affordable phone .Very Recommended
Storage Capacity:128GB, Color Family:Black
6
1
2
3
4
‚Ä¢‚Ä¢‚Ä¢
16",49,47
PID23,"Faheem Y.
7 months ago
...
Deliver on time good product üëç
Storage Capacity:128GB, Color Family:Grey
3
Waqar B.
3 months ago
...
Product quality is good as per the expectations, its value for money. But price is comparatively bit high as per the market.
Storage Capacity:128GB, Color Family:Grey
3
daud A.
2 months ago
...
original product delivered .... reliable seller ....... timely delivered ....!
Storage Capacity:128GB, Color Family:Grey
4
1
2
3
4
‚Ä¢‚Ä¢‚Ä¢
8",25,24
PID24,This product has no reviews.,9,1
PID25,"s***.
1 week ago
...
#11.11 Genuine seller, he sent exact same item as shown. Phone was seal packed and brand new. Loved the phone. Such a great buy in so affordable priceü•∫‚ù§Ô∏è totally loved it.... highly recommendedüòç Thank u daraz Thank u seller .... 5 stars from my sideüåüüåüüåüüåüüåü
Storage Capacity:128GB, Color Family:Black
2
1
NAVEED A.
2 months ago
...
very nice set seller is very cooperative special thanks color is same as asked
Storage Capacity:128GB, Color Family:Blue
2
Mi S.
3 weeks ago
...
nyccc mobile delivery time very short jasa mobile dhka tha wasa he haa
Storage Capacity:128GB, Color Family:Blue
1
1
2
3
4
‚Ä¢‚Ä¢‚Ä¢
17",45,49
PID26,"Samia R.
2 months ago
...
pehli br draz sy itni mehnghi cheez li ha. i was so scared. wo b advance payment py. ak tu is me headfone include nhi. wo msla company ka ha. dusra black color order kia ta. seller ny bina pochy yh bej dia. itna issue ni h at least ak br pochna chye na? i pay 41000 for it k market sy b zada h. wo b adjustable h. phone mujy bht psnd aya isk features. clr ghlt bejny ki wja giving 4 star.
Storage Capacity:128GB, Color Family:Black
15
3***8
2 months ago
...
Perfect Mobile reasonable price , Delivery with in 2days Seller was good Thankyou so much
Storage Capacity:128GB, Color Family:Wither Black
2
View P.
2 months ago
...
- Very good quality built - Good performance - Safely delivered - Good seller service
Seller Response
2 months ago
Thank you for trusting alhamdulilah trading khanewal,hope you will prefer us for next. Thank you once again for rating Jazak Allah
Color Family:Black, Storage Capacity:128GB
6
1
1
2
3
4
‚Ä¢‚Ä¢‚Ä¢
8",33,22
PID27,"Muhammad A.
4 months ago
...
Aoa Jaisa bola waisa he mobile mila bohat khushi howi seller bi bohat cooperative ha jo color kaha wohi bheja thx seller market rate se kam pr mila zbrdst shabash
Storage Capacity:64GB, Color Family:White
9
1
3***6
3 months ago
...
Highly recommended beautiful Mobile thank you seller üòç
Storage Capacity:64GB, Color Family:Purple
6
Zain N.
3 weeks ago
...
Color was different than I order. I ordered purple but got black. The box of phone was already opened. Bad experience.
Storage Capacity:64GB, Color Family:Purple
1
2
3
4
‚Ä¢‚Ä¢‚Ä¢
14",0,40
PID28,"Ahmad M.
4 months ago
...
Bht acha mobile hüòçhm bht khush hain itna acha r discount py mobile khareda hmny ‚ù§Ô∏èthank you so much daraz and seller üíïüòçseller is really very cooperative üòçAllah apko khush rkhy amen. ‚ù§Ô∏èJo Jo chez mentioned h description mein. Wo sb delivered hoi hüòçüíô
Storage Capacity:128GB, Color Family:Mint
11
SHAHID A.
4 months ago
...
excellent mobile with brand name on this price with 2 years security warranty. üëç
Storage Capacity:128GB, Color Family:Mint
2
Muhammad A.
4 months ago
...
Best mobile in this price. Big screen he. Nicely raped by seller. Recommended for midrange persons.
Storage Capacity:128GB, Color Family:Mint
4
1
2
3
4
‚Ä¢‚Ä¢‚Ä¢
25",101,73
PID29,No reviews,0,0
PID30,"Essa B.
3 months ago
...
EXCELLENT PACKING üëå& MOBILE ORIGINAL AS PER SELLER DESCRIBED. HIGHLY RECOMMENDED üëç. MOBILE IS SO CUTE & SLIM LIGHT WEIGHT. MOBILE WORKING GREAT & CHARGING FASTLY. MOBILE WITH ANDRIOD 13 VERSION & MOBILE SPEED FOR REGULAR USAGE BEST. HONEST & BEST SELLER WITH HUGE DISCOUNTS. ALL ACCESSORIES INCLUDED. DARAZ BEST.
Seller Response
3 months ago
Thank you So Much For Your Kind Words, We Look Forward to Working With You Again in Future Thank You So Much For Purchasing From Bin Saeed Communication Khanewal Take Care Allah Hafiz.
Storage Capacity:64GB, Color Family:Green
2
Asad U.
2 months ago
...
Good Mobile Genuine, Trusted Seller.. Thank You So Much.........
Seller Response
2 months ago
Thank you So Much For Your Kind Words, We Look Forward to Working With You Again in Future Thank You So Much For Purchasing From Bin Saeed Communication Khanewal Take Care Allah Hafiz.
Storage Capacity:64GB, Color Family:Black
2
Sajid A.
2 months ago
...
Same received as shown. Thanks a lot of seller and daraz also. üëç‚ù§Ô∏èüëç
Seller Response
2 months ago
Thank you So Much For Your Kind Words, We Look Forward to Working With You Again in Future Thank You So Much For Purchasing From Bin Saeed Communication Khanewal Take Care Allah Hafiz.
Storage Capacity:64GB, Color Family:Green
5
1
2
3
4
5
6
7",5,21
PID31,"Guest G.
2 hours ago
...
Product is original. Charger, Cable, Protector & cover was also present in box. Only system of warranty is unclear. Delivery was very late.
Storage Capacity:64GB, Color Family:Black
**********84
3 weeks ago
...
very nice PTA prove nice bht bht Khushi hoi mobile dykh kr thanks draz
Seller Response
2 weeks ago
Thank you So Much For Your Kind Words, We Look Forward to Working With You Again in Future Thank You So Much For Purchasing From Bin Saeed Communication Khanewal Take Care Allah Hafiz.
Storage Capacity:64GB, Color Family:Green
12
S***.
4 weeks ago
...
We get it fast delivery and good item with warranty
Seller Response
4 weeks ago
Thank you So Much For Your Kind Words, We Look Forward to Working With You Again in Future Thank You So Much For Purchasing From Bin Saeed Communication Khanewal Take Care Allah Hafiz.
Storage Capacity:64GB, Color Family:Black
1
1
2
3
4
5
6",10,16
PID32,No reviews,16,0
PID33,"Muhammad F.
2 months ago
...
Nice one receive same as pic and good packing nice seller service and PTA approve device very nice..‚ù§‚ù§‚ù§
Storage Capacity:64GB, Color Family:Green
13
1
Muhammad F.
1 month ago
...
very nice good üëçüëçüëç
Storage Capacity:64GB, Color Family:Green
2
Bilal A.
3 weeks ago
...
Very Nice and cooperative Seller. My Parcel received in 24 hours. Delivery Service is very Good. Overall Mobile packing is very Good.
Storage Capacity:64GB, Color Family:Black
2
1
2
3
4
5
6
7",48,21
PID34,No reviews,0,0
PID35,"Moazzam
5 days ago
...
100 percent original product. The seller shipped fast but the daraz delivery service was very poor because of the #11.11 sale. received 3 days late after delivery timeline.
Storage Capacity:256GB, Color Family:Blue
1
Mati M.
1 month ago
...
Genuine & Authentic product. Seller is highly recommended & professional who responds to all my queries on time.
Storage Capacity:256GB, Color Family:Black
7
Syed I.
3 weeks ago
...
Orginal Mobile recommended to all
Storage Capacity:256GB, Color Family:Blue
1
1
2",41,6
PID36,"Inam K.
1 month ago
...
Amazing phone in that price, highly recommend
Seller Response
1 month ago
thank you so much for your precious order review and rating us keep shopping on daraz ‚ù§Ô∏è
Storage Capacity:128GB, Color Family:Black
1
1",49,1
PID37,"Aqib A.
8 hours ago
...
Very good and nice mobile
Storage Capacity:16GB, Color Family:Multicolor
1",2,1
PID38,"Ghazia R.
11 hours ago
...
Amazing, delivered on time and quality is amazing
Seller Response
7 hours ago
Thank you So Much For Your Kind Words, We Look Forward to Working With You Again in Future Thank You So Much For Purchasing From Bin Saeed Communication Khanewal Take Care Allah Hafiz.
Storage Capacity:128GB, Color Family:Purple
1",0,1
PID39,"Muhammad I.
3 months ago
...
seller is very cooperative and well manner. I will recommend. I have received techno spark 10 pro same as I ordered. I will give him five star because I requested him to deliver the mobile as soon as possible and he did the same I have received my parcel in 2 days only . I loved to buy again from him. thanks
Seller Response
3 months ago
Thank You Soooo Much For Your Kind Words ,We Look Forward to Working With You Again In Future Thank You Soo Much For Purchasing From Ali Communication Khanewal Take Care Allah Hafiz
Storage Capacity:128GB, Color Family:Black
18
4
Hina F.
2 months ago
...
Today I received my ordar 1st ko ordar kiya tha. 3 days mai recive hogya jaisa dekha tha waisa ge aya color ja issue tha tu seller nai contact kiya I appreciated hus effort set sach m bht acha hy
Seller Response
2 months ago
Thank You Soooo Much For Your Kind Words ,We Look Forward to Working With You Again In Future Thank You Soo Much For Purchasing From Ali Communication Khanewal Take Care Allah Hafiz
Storage Capacity:128GB, Color Family:Black
8
sidra K.
1 month ago
...
Masha allah bht acha mobile Hy. delivery bht jaldi hogai Hy. .... thank you so much
Seller Response
4 weeks ago
Thank You Soooo Much For Your Kind Words ,We Look Forward to Working With You Again In Future Thank You Soo Much For Purchasing From Ali Communication Khanewal Take Care Allah Hafiz
Storage Capacity:128GB, Color Family:Ash White
4
1
2
3
4
‚Ä¢‚Ä¢‚Ä¢
11",0,33
PID40,"M***.
3 days ago
...
received the parcel in appropriate condition. price is good seller was coperative. color size and sleakness of the mobile is kamaal. i hope it would work fine.
Color Family:Charcoal, Storage Capacity:64GB
Jehangir K.
3 months ago
...
received well packed in perfect condition, overall very happy with my purchase and will be buying again
Storage Capacity:64GB, Color Family:Charcoal
7
Shazia R.
2 months ago
...
The mobile blacked out after 4 days. It is a fake product. The seller is not solving the problem. Don‚Äôt buy this is a big scam. The seller is very dishonest. It is Draz mall approved product and even the Mart is not copererating and taking any responsibility
Storage Capacity:64GB, Color Family:Charcoal
9
1
2
3
4
5
6",28,16
PID41,"Raeessagar
3 months ago
...
mashallah bohat pyara mobile phone hai charj 5.0 zabadat hai
Seller Response
3 months ago
Thank you So Much For Your Kind Words, We Look Forward to Working With You Again in Future Thank You So Much For Purchasing From Bin Saeed Communication Khanewal Take Care Allah Hafiz.
Storage Capacity:128GB, Color Family:Green
19
Maniha A.
2 months ago
...
very amazing product üëèüòÑ
Seller Response
2 months ago
Thank you So Much For Your Kind Words, We Look Forward to Working With You Again in Future Thank You So Much For Purchasing From Bin Saeed Communication Khanewal Take Care Allah Hafiz.
Storage Capacity:128GB, Color Family:Black
16
1
aziz A.
2 months ago
...
Seller Response
2 months ago
Thank you So Much For Your Kind Words, We Look Forward to Working With You Again in Future Thank You So Much For Purchasing From Bin Saeed Communication Khanewal Take Care Allah Hafiz.
Storage Capacity:128GB, Color Family:Blue
8
1
2
3
4",6,12
PID42,"Muhammad T.
2 weeks ago
...
excellent product. recieved within a week.. thank you Daraz and Seller
Color Family:Purple, Storage Capacity:64GB
Shoaib J.
3 weeks ago
...
Delivery in 2 days & remarks 10/10
Color Family:Black, Storage Capacity:64GB
Ruman R.
2 weeks ago
...
I greet such honest trader because of delivery at time and geniune product.Infinite thanks.May Allah you live long and progress by leaps and bounds.
Color Family:Blue, Storage Capacity:64GB
1
2
3
4
5
6
7",33,20
PID43,"Muhammad U.
2 months ago
...
Tecno spark 10C genuine mobile condition ok new piece i liked it very much
Seller Response
2 months ago
Thank You Soooo Much For Your Kind Words ,We Look Forward to Working With You Again In Future Thank You Soo Much For Purchasing From S4 Shopping Take Care Allah Hafiz
Color Family:Black, Storage Capacity:128GB
9
Salman S.
3 months ago
...
Received on time the seller was very cooperative. originally requested green colour but due to unavailability from company, had to settle for blue.
Seller Response
3 months ago
Thank You Soooo Much For Your Kind Words ,We Look Forward to Working With You Again In Future Thank You Soo Much For Purchasing From S4 Shopping Take Care Allah Hafiz
Color Family:Green, Storage Capacity:128GB
5
ÿπŸÜÿß€åÿ™ ŸÜ.
3 days ago
...
excellent seller good cooperation timely delivered
Seller Response
3 days ago
Thank You Soooo Much For Your Kind Words ,We Look Forward to Working With You Again In Future Thank You Soo Much For Purchasing From S4 Shopping Take Care Allah Hafiz
Storage Capacity:128GB, Color Family:Blue
1
1
2
3
4
5",0,13
PID44,"Haroon S.
1 week ago
...
mobile was box packed and looks very good.. let's see it's durability
Seller Response
1 week ago
Thank You Soooo Much For Your Kind Words ,We Look Forward to Working With You Again In Future Thank You Soo Much For Purchasing From Ali Communication Khanewal Take Care Allah Hafiz
Storage Capacity:64GB, Color Family:Grey
Ahmad A.
1 week ago
...
Mashallah Buht hi Achi parking he or delivery bhi fast hoi or seller ka response bhi buht acha Raha thank you.üåπ
Seller Response
1 week ago
Thank You Soooo Much For Your Kind Words ,We Look Forward to Working With You Again In Future Thank You Soo Much For Purchasing From Ali Communication Khanewal Take Care Allah Hafiz
Storage Capacity:64GB, Color Family:Green
1
fatima A.
2 weeks ago
...
totally satisfied with the service
Seller Response
2 weeks ago
Thank You Soooo Much For Your Kind Words ,We Look Forward to Working With You Again In Future Thank You Soo Much For Purchasing From Ali Communication Khanewal Take Care Allah Hafiz
Storage Capacity:64GB, Color Family:Grey
3
1
1
2
3
4
5
6",0,17
PID45,"Waqar M.
3 weeks ago
...
good hai, body achi hai performance b achi hai but camera result guzare laik hai
Storage Capacity:64GB, Color Family:Blue
Muhammad T.
2 months ago
...
Thank you so muchüòä amazing product Thanks darazü•∞
Storage Capacity:64GB, Color Family:Green
17
2
Rao K.
3 weeks ago
...
good product nice mobile in this price.good expiries. seller very nice man. thanks draz.
Storage Capacity:64GB, Color Family:Blue
1
6
1
2
3
4
5",31,15
PID46,"Tayyab A.
3 months ago
...
Good thing for me.
Seller Response
3 months ago
Thank you So Much For Your Kind Words, We Look Forward to Working With You Again in Future Thank You So Much For Purchasing From Bin Saeed Communication Khanewal Take Care Allah Hafiz.
Color Family:Blue, Storage Capacity:64GB
5
Basharat A.
4 months ago
...
Both Aala cell phone hey. 3rd set purchase from same vendor, vendor b boht coaprative hey, delivery very fast.thanks to Daraz
Seller Response
3 months ago
Thank you So Much For Your Kind Words, We Look Forward to Working With You Again in Future Thank You So Much For Purchasing From Bin Saeed Communication Khanewal Take Care Allah Hafiz.
Color Family:Black, Storage Capacity:64GB
5
Basharat A.
4 months ago
...
very good Mobile 2nd set purchase from same seller, very good seller, thanks to draz
Seller Response
4 months ago
Thank you So Much For Your Kind Words, We Look Forward to Working With You Again in Future Thank You So Much For Purchasing From Bin Saeed Communication Khanewal Take Care Allah Hafiz.
Color Family:Black, Storage Capacity:64GB
1
1
2
3
4
‚Ä¢‚Ä¢‚Ä¢
11",7,31
PID47,"Salman T.
5 months ago
...
I purchased mobiles before from this seller. Best seller on daraz and trustworthy. I got the order the very next day. The original genuine pin packed mobile received, unboxed the mobile by myself. Again got satisfied with their service and package.
Seller Response
4 months ago
Thank you So Much For Your Kind Words, We Look Forward to Working With You Again in Future Thank You So Much For Purchasing From Bin Saeed Communication Khanewal Take Care Allah Hafiz.
Storage Capacity:128GB, Color Family:Blue
3
Syed N.
2 weeks ago
...
Received very fast. in very good packing. satisfied and recomended
Seller Response
2 weeks ago
Thank you So Much For Your Kind Words, We Look Forward to Working With You Again in Future Thank You So Much For Purchasing From Bin Saeed Communication Khanewal Take Care Allah Hafiz.
Storage Capacity:128GB, Color Family:Purple
Yasir I.
3 months ago
...
Thanks üòä Excellent Presentation üëè
Seller Response
3 months ago
Thank you So Much For Your Kind Words, We Look Forward to Working With You Again in Future Thank You So Much For Purchasing From Bin Saeed Communication Khanewal Take Care Allah Hafiz.
Storage Capacity:128GB, Color Family:Blue
1
2
3
4",1,11
PID48,"Farooq A.
2 months ago
...
Fast and furious type delivery service. I received original product. highly recommended to this saler.
Seller Response
2 months ago
Thank You Soooo Much For Your Kind Words ,We Look Forward to Working With You Again In Future Thank You Soo Much For Purchasing From Sid Sam Communication Khanewal Take Care ALLAH Hafiz.
Storage Capacity:128GB, Color Family:Blue
1",0,1
PID49,No reviews,1,0
PID50,"amjad R.
6 months ago
...
Its other wise is good but battery runs so fast and also runs a bit slow other wise its all good
Seller Response
6 months ago
Advocate sbThanks for your valuable comments
Color Family:Gold, Storage Capacity:64GB
12
Artisit M.
1 month ago
...
MaashaAllah acha phone hai, battery bhi pura din chalti hai, thanks seller
Seller Response
1 month ago
thanks for taking out time for review, we really appreciate you
Storage Capacity:64GB, Color Family:Red
6
Muhammad S.
1 week ago
...
acha product Baja hai acha seller ha
Seller Response
1 week ago
thanks for your good gestures it's helpful for others.
Storage Capacity:64GB, Color Family:Black
3
1
2
3
4",60,11
PID51,"Khalid H.
1 month ago
...
I'm extremely satisfied with the mobile I ordered. The product is in great condition as shown on add, the service was excellent, and the delivery was incredibly fast, just two days after ordering. Thank you Daraz and Sellerüëç
Seller Response
1 month ago
Thank you for trusting alhamdulilah trading khanewal, hope you will prefer us for next purchase. Thank you once again for rating Jazak Allah
Storage Capacity:64GB, Color Family:Black
5
0***7
1 month ago
...
great seller.. fastest delivery...10/10 points for seller...Jo purchase kiya whi Aya...sellerüëç
Seller Response
1 month ago
Thank you for trusting alhamdulilah trading khanewal, hope you will prefer us for next purchase. Thank you once again for rating Jazak Allah
Storage Capacity:64GB, Color Family:Black
4
Abdul M.
2 months ago
...
Pathetic supplier. Wrong color dispatch and Daraz people also not check product before pack in flyer very disappointed .
Storage Capacity:64GB, Color Family:Gold
12
1
2
3
4",32,11
PID52,"Iram A.
6 months ago
...
price was reasonable but the quality of the phone is low. wifi doesn't work on it properly also it gets heated up quickly. just for normal use but at least wifi should work properly. also after returning the phone, they didn't send back the handfree.
Color Family:Blue, Storage Capacity:16GB
20
2
Umair K.
6 months ago
...
Quick delivery. accurate product. good experience.
Color Family:Blue, Storage Capacity:16GB
1
Waqas R.
2 months ago
...
just fine
Seller Response
1 month ago
JazakAllah, Be happy always
Color Family:Blue, Storage Capacity:16GB
1
1
2
3",16,7
PID53,"Roshan A.
2 weeks ago
...
satisfied, price slightly high than local market, as it may be logical, over all bravo experience
Seller Response
1 week ago
Thank You Soooo Much For Your Kind Words ,We Look Forward to Working With You Again In Future Thank You Soo Much For Purchasing From Atta Communication Khanewal Take Care Allah Hafiz
Color Family:Grey, Storage Capacity:128GB
Sagheer S.
3 weeks ago
...
Alhamdulillah, With in 3 day's I have received same mobile which was selected by online given pictures.it was my 1st purchase by daraz and found excellent service.thanks,
Seller Response
3 weeks ago
Thank You Soooo Much For Your Kind Words ,We Look Forward to Working With You Again In Future Thank You Soo Much For Purchasing From Atta Communication Khanewal Take Care Allah Hafiz
Color Family:Green, Storage Capacity:128GB
2
S***.
5 months ago
...
Mobile tk theak ha bus charjer c type nahe ha or mobile covr bhe nahd sath .....
Seller Response
5 months ago
Yes Sir company ki janib se hi Nahi Ata Cover
Color Family:Grey, Storage Capacity:128GB
3
1
2
3
4
‚Ä¢‚Ä¢‚Ä¢
15",0,44
PID54,No reviews,0,0
PID55,This product has no reviews.,0,1
PID56,"Atif N.
1 week ago
...
genuine product with huge discount at Daraz 11.11 offer
Storage Capacity:128GB, Color Family:Black
1
1",7,2
PID57,"Talal F.
4 weeks ago
...
waited for Redmi Note 12 Pro's release at Xiaomi official store, but found no confirmation. Opted for this seller, initially seeking grey, only white and blue were available. Seller was kind & arranged the grey variant. Grateful for their responsiveness and a quick 2-day delivery, increased trust in Daraz with upfront debit card payment. arrived properly sealed, PTA approved. Impressed by fast charging, phone responsiveness, clear call quality, and excellent camera results. Highly recommended üòá
Seller Response
4 weeks ago
Thank You Soooo Much For Your Kind Words ,We Look Forward to Working With You Again In Future Thank You Soo Much For Purchasing From Sid Sam Communication Khanewal Take Care ALLAH Hafiz.
Storage Capacity:256GB, Color Family:Grey
2
Kashif A.
1 month ago
...
100 % Genuine Product , Too fast delivery by seller , Fast seller response perfectly packed by daraz I really enjoy the super fast and safe delivery by daraz Thanks Daraz Thanks sid sad communication seller
Seller Response
1 month ago
Thank You Soooo Much For Your Kind Words ,We Look Forward to Working With You Again In Future Thank You Soo Much For Purchasing From Sid Sam Communication Khanewal Take Care ALLAH Hafiz.
Storage Capacity:256GB, Color Family:Blue
1
1
irfan R.
3 weeks ago
...
i ordered Black one, but i got white one which is beautiful. The product is pin packed, original packing and safe package, fresh and decent pricing range. The Vendor is very responsive and loyal. I have a wonderful experience and definitely I will purchase more in future.
Seller Response
3 weeks ago
Thank You Soooo Much For Your Kind Words ,We Look Forward to Working With You Again In Future Thank You Soo Much For Purchasing From Sid Sam Communication Khanewal Take Care ALLAH Hafiz.
Storage Capacity:256GB, Color Family:Grey
1
1
2
3
4
5
6
7",0,21
PID58,"Mushtaq H.
1 week ago
...
both hi acha products Hy Jo cheez dikhai gae Hy wo hi hy
Storage Capacity:64GB, Color Family:Black
Syed I.
3 weeks ago
...
good quality mobile recommended
Seller Response
3 weeks ago
Thank you so very much for these kind words sir...
Storage Capacity:64GB, Color Family:White
2
2
zaman
3 weeks ago
...
Delivered on time.....Sealed dabba pack mobile
Storage Capacity:64GB, Color Family:Purple
3
1
1
2
3
4
5
6",29,17
PID59,No reviews,0,0
PID60,"3***3
2 weeks ago
...
very goodüëç phoneüì±
Storage Capacity:128GB, Color Family:Black
Haseeb A.
2 weeks ago
...
Amazing Thank You
Storage Capacity:128GB, Color Family:Black
1
2",0,4
PID61,"Saeed A.
3 weeks ago
...
Alhamdulillah, original pin packed pta approved set received, happy with the seller and delivery service.
Storage Capacity:128GB, Color Family:Black
1
*******053
2 months ago
...
Storage Capacity:128GB, Color Family:Black
3
3***2
3 months ago
...
ÿ®€Åÿ™ ⁄æ€å ÿßÿπŸÑ€å ⁄æ€í€î⁄à€åŸÑÿ± ÿß⁄Ü⁄æÿß ÿ™ÿπÿßŸàŸÜ ⁄©ÿ±ŸÜ€í ŸàÿßŸÑÿß ⁄æ€í€îŸÖÿ¨ŸÖŸàÿπ€å ÿ∑Ÿàÿ± Ÿæÿ± ŸæŸàÿ±ÿß ÿπŸÖŸÑ€Å ÿß⁄Ü⁄æÿß ÿ™ÿπÿßŸàŸÜ ⁄©ÿ± ÿ±⁄æÿß ⁄æ€í€î
Storage Capacity:128GB, Color Family:Black
1
2
3",35,8
PID62,"ŸÜ***.
1 week ago
...
Value for money üí∞üòÄ
Seller Response
3 days ago
Thank you So Much For Your Kind Words, We Look Forward to Working With You Again in Future Thank You So Much For Purchasing From Bin Saeed Communication Khanewal Take Care Allah Hafiz.
Storage Capacity:128GB, Color Family:Light blue
1",0,1
PID63,"Hassaan A.
2 weeks ago
...
Seal is broken and a local lamination packing on the box. Too much dust on the handset. Although Fone is cheaper than market price and delivery was fast but broken seal, dust on handset type things urge buyers not to shop anything from the seller next time. I asked seller in chat but he didn't respond me yet.
Seller Response
2 weeks ago
Thank you So Much For Your Kind Words, We Look Forward to Working With You Again in Future Thank You So Much For Purchasing From Bin Saeed Communication Khanewal Take Care Allah Hafiz.
Storage Capacity:128GB, Color Family:White
2
3***9
2 weeks ago
...
very good quality of the product. excellent packaging. the mobile phone is awesome üëå. Strongly recommended the product and seller
Seller Response
2 weeks ago
Thank you So Much For Your Kind Words, We Look Forward to Working With You Again in Future Thank You So Much For Purchasing From Bin Saeed Communication Khanewal Take Care Allah Hafiz.
Storage Capacity:128GB, Color Family:Black
erum U.
2 weeks ago
...
hum nay copper colour order kia tha lakin white or black colour bhaj dia bad experience
Seller Response
2 weeks ago
Dear customer due to compain we got lot of orders that's why the packing boys who do the packed accidently packed the wrong color.we are sorry for that,but our product have pin packed PTA Approved with 1 year brand warranty.
Storage Capacity:128GB, Color Family:Copper
1
2",0,6
PID64,"*********82
2 weeks ago
...
bahot Acha mobile hai lekin bahot late service hai bahot Baki sab ok hai
Seller Response
2 weeks ago
thank you so much for your precious order review and rating us keep shopping on daraz ‚ù§Ô∏è
Storage Capacity:64GB, Color Family:Green
3***4
1 week ago
...
The seller was good and so cooperative he sent me a seal pack phone The quality of the phone is 10/10. I will shop again. thanks
Seller Response
1 week ago
thank you so much for your precious order review and rating us keep shopping on daraz ‚ù§Ô∏è
Storage Capacity:64GB, Color Family:Black
Muhammad S.
2 months ago
...
Product bilkul thk hai or bht achi hai baki main ny activation date wagaira abi check ni ki k pehky use huwa hai ya ni wo check kr k review update krun ga.
Seller Response
2 months ago
thank you so much for your precious order review and rating us keep shopping on daraz ‚ù§Ô∏è
Storage Capacity:64GB, Color Family:Green
3
1
2
3
4
5",9,15
PID65,"Mr S.
2 weeks ago
...
I am giving my review after 7 days of use , my personal opinion about this phone is that it is very good as this price..Seller is cooperative .
Storage Capacity:128GB, Color Family:White
1
1",0,1
PID66,"3***5
4 weeks ago
...
Good Experience I have not compared price from market.
Storage Capacity:128GB, Color Family:Green
2
Muhammad F.
4 weeks ago
...
Highly recommended
Storage Capacity:128GB, Color Family:Grey
1
2",19,4
PID67,"Ehsan J.
2 months ago
...
Behtreen seller response I shocked itni fast service thank you seller for bullet fast service. I recommend
Seller Response
2 months ago
Thank You Soooo Much For Your Kind Words ,We Look Forward to Working With You Again In Future Thank You Soo Much For Purchasing From Sid Sam Communication Khanewal Take Care ALLAH Hafiz.
Storage Capacity:128GB, Color Family:White
7
Ansar B.
1 month ago
...
Amazing product, safe packaging, fast delivery, honest seller, tho price is a bit high from market but still we get it at home without any hassle
Seller Response
1 month ago
Thank You Soooo Much For Your Kind Words ,We Look Forward to Working With You Again In Future Thank You Soo Much For Purchasing From Sid Sam Communication Khanewal Take Care ALLAH Hafiz.
FollowUp
4 weeks ago
you are always ü§ó welcome
Storage Capacity:128GB, Color Family:Blue
2
2
Nauman S.
3 weeks ago
...
Thank you Daraz for such a wonderful product. Beautiful color and outlook. Recommended for purchase.
Seller Response
3 weeks ago
Thank You Soooo Much For Your Kind Words ,We Look Forward to Working With You Again In Future Thank You Soo Much For Purchasing From Sid Sam Communication Khanewal Take Care ALLAH Hafiz.
Storage Capacity:128GB, Color Family:White
1
2
3
4
5",0,15
PID68,"Naveedbaloch
2 weeks ago
...
i received my parsel and i am much more satified with seller and daraz products ü•∞
Seller Response
2 weeks ago
Thank You Soooo Much For Your Kind Words ,We Look Forward to Working With You Again In Future Thank You Soo Much For Purchasing From Ali Communication Khanewal Take Care Allah Hafiz
Storage Capacity:128GB, Color Family:Black
1
1
2",0,5
PID69,"irfan U.
2 months ago
...
original product love it üòçüòç aik achi price mein set mil gya hai pin peak set aur seller bht acha hai. thumb up üëçüëç
Seller Response
2 months ago
thank you so much for your precious order review and rating us keep shopping on daraz ‚ù§Ô∏è
Storage Capacity:256GB, Color Family:Blue
4
maryam Z.
2 months ago
...
received as described thank you so much
Seller Response
2 months ago
thank you so much for your precious order review and rating us thank you ‚ù§Ô∏è
Storage Capacity:256GB, Color Family:Black
1
Usman C.
4 weeks ago
...
Received my phone next day, Seller & delivery service is very quick
Seller Response
4 weeks ago
thank you so much for your precious order review and rating us keep shopping on daraz ‚ù§Ô∏è
Storage Capacity:256GB, Color Family:Black
1
2",8,4
PID70,"Gohar I.
2 months ago
...
received a product with good packing.. seller response was good and friendly.. I also appreciate daraz for such a nice policy of installments.. keep up the good work
Seller Response
1 month ago
Thank you So Much For Your Kind Words, We Look Forward to Working With You Again in Future Thank You So Much For Purchasing From Bin Saeed Communication Khanewal Take Care Allah Hafiz.
Storage Capacity:256GB, Color Family:White
*******980
2 weeks ago
...
product was good but you need to work on communication other wise it's fine
Seller Response
2 weeks ago
Thank you So Much For Your Kind Words, We Look Forward to Working With You Again in Future Thank You So Much For Purchasing From Bin Saeed Communication Khanewal Take Care Allah Hafiz.
Storage Capacity:256GB, Color Family:Grey
Qaisar K.
2 weeks ago
...
I am satisfied customer
Seller Response
2 weeks ago
Thank you So Much For Your Kind Words, We Look Forward to Working With You Again in Future Thank You So Much For Purchasing From Bin Saeed Communication Khanewal Take Care Allah Hafiz.
Storage Capacity:256GB, Color Family:Grey
1
2",3,4
PID71,No reviews,0,0
PID72,No reviews,0,0
PID73,"Mehboob U.
3 months ago
...
outstanding. same as described very good response from seller and most important delivered before time as was stated 100% satisfied with quality and seller
Storage Capacity:64GB, Color Family:Green
7
3***1
1 month ago
...
it's my 4th order and everytime I got great response a sealed box pack mobile phone with fast delivery thank you daraz and also thank you to seller very high recommended seller
Storage Capacity:64GB, Color Family:Black
1
3***2
3 months ago
...
good packing,nice mobile,Dealer is very coprative,
Storage Capacity:64GB, Color Family:White
3
1
2
3",22,9
PID74,"muzna S.
5 days ago
...
superbbb excellent amazing saller is very cooperative. 29ko bola tha 29 ko he deliver hoa box packed sealed mobile hai mujhy buhat pasand aaya 1st time daraz se etni expensive koi chee mangwai dar lag raha tha but dil khush kar dia,. thank you daraz thank you saller ALLAH PAK ap k kam mein aur barkatein ata farmaein. AAMEEN
Color Family:Grey, Storage Capacity:64GB
1
3***5
5 months ago
...
the phone is good and have long lasting battery but the only one thing that i noticed that it bit lag sometimes i noticed that thing 3 times in my first day but. now it doesn't lag now and working fine
Color Family:Green, Storage Capacity:64GB
1
Armani
3 months ago
...
sir gee Sahi say kaam nhi karta ye mobile ab me kia karo kuch batawo sir kia is chang ya wapaas kar sakty hu pliz sir
Color Family:Green, Storage Capacity:64GB
1
1
2",8,4
PID75,"0***4
2 months ago
...
best mobile in this range
Storage Capacity:128GB, Color Family:Black
4
Ahmed A.
2 months ago
...
Mobile was repacked. Order black mobile and got blue. That's not good.
Storage Capacity:128GB, Color Family:Black
Anjum R.
3 months ago
...
Lajawab seller, bakamal daraz
Seller Response
3 months ago
Thank you for trusting alhamdulilah trading, hope you will prefer us for next purchase. Thank you once again for rating
Storage Capacity:128GB, Color Family:Black
1
2
3",12,7
PID76,"Ali
3 months ago
...
THE SELLER IS AWESOME MAY ALLAH GIVE HIM MORE! ‚úì 100% Authentic Phone. Manufacturing sealed. ‚úìOffical PTA APPROVED (Both sims). ‚úìSent on time. ‚úìNo scratch 9.9/10 back looks very slightly used! ‚úìWater seal. Took Benchmark test again just now, here are the results: =================================== Pixel 4A 5G [CPUJ Single Core difference = 2.23% Multi-Core difference = -13.27% ====================================== Pixel 4A 5G GPU Score difference = +0.44% Delightful Experience.
Seller Response
3 months ago
Thank You So Much Man ü§ù‚ô•Ô∏è God Bless You Brother ‚ù§Ô∏è
FollowUp
3 months ago
You are Welcome brotherü§ùü§ù‚ù§Ô∏è‚ù§Ô∏è
Color Family:Not Specified, Storage Capacity:128GB
20
2
Yasir A.
3 weeks ago
...
Phone is in Top condition, not refurbished Seller service is way to much great such a good person May Allah increase his business a lot.
Seller Response
3 weeks ago
Thank You So Much Brother ‚ù§Ô∏è
Color Family:Not Specified, Storage Capacity:128GB
hamza J.
2 weeks ago
...
set is 9/10. Seller is cooperative but set is opened/repaired as you can see from camera lens. it has dust inside which is only possible if opened. otherwise seller is üëç. only one star dropped because he did not told about set opened.
Color Family:Not Specified, Storage Capacity:128GB
1
2
3
4",125,10
PID77,"Ajaz R.
6 months ago
...
Great smartphone honor x6 vibrant display colors with long battery backup and 1 year replacement warranty.got good discount from honor store. Honor store admin nice person helped a lot i my order.so recommends seller smartphone and store.
Seller Response
6 months ago
Sir Thank you for the feedback. Looking forward in the future.
Storage Capacity:64GB, Color Family:Silver
6
3***3
5 months ago
...
I am satisfied with my Honor X6 .I have recommended it to my friends and office colleagues.
Seller Response
5 months ago
Thank you very much sir for your valuable feedback
Storage Capacity:64GB, Color Family:Silver
5
Hafiz A.
4 months ago
...
Mobile is so good but four star is marked due to picture attached i.e mobile seal i'm secure was open from both sides before our unboxing don't know why and how
Seller Response
4 months ago
Thank you Sir for the feedback.
Storage Capacity:64GB, Color Family:Silver
3
1
2
3
4
‚Ä¢‚Ä¢‚Ä¢
10",42,28
PID78,"Raeessagar
3 months ago
...
mashallah bohat pyara mobile phone hai charj 5.0 zabadat hai
Storage Capacity:128GB, Color Family:Green
19
Maniha A.
2 months ago
...
very amazing product üëèüòÑ
Storage Capacity:128GB, Color Family:Black
16
1
aziz A.
2 months ago
...
Storage Capacity:128GB, Color Family:Blue
8
1
2
3
4",6,12
PID79,"Raeessagar
3 months ago
...
mashallah bohat pyara mobile phone hai charj 5.0 zabadat hai
Seller Response
3 months ago
Thank you So Much For Your Kind Words, We Look Forward to Working With You Again in Future Thank You So Much For Purchasing From Bin Saeed Communication Khanewal Take Care Allah Hafiz.
Storage Capacity:128GB, Color Family:Green
19
Maniha A.
2 months ago
...
very amazing product üëèüòÑ
Seller Response
2 months ago
Thank you So Much For Your Kind Words, We Look Forward to Working With You Again in Future Thank You So Much For Purchasing From Bin Saeed Communication Khanewal Take Care Allah Hafiz.
Storage Capacity:128GB, Color Family:Black
16
1
aziz A.
2 months ago
...
Seller Response
2 months ago
Thank you So Much For Your Kind Words, We Look Forward to Working With You Again in Future Thank You So Much For Purchasing From Bin Saeed Communication Khanewal Take Care Allah Hafiz.
Storage Capacity:128GB, Color Family:Blue
8
1
2
3
4",6,12
PID80,"Raeessagar
3 months ago
...
mashallah bohat pyara mobile phone hai charj 5.0 zabadat hai
Seller Response
3 months ago
Thank you So Much For Your Kind Words, We Look Forward to Working With You Again in Future Thank You So Much For Purchasing From Bin Saeed Communication Khanewal Take Care Allah Hafiz.
Storage Capacity:128GB, Color Family:Green
19
Maniha A.
2 months ago
...
very amazing product üëèüòÑ
Seller Response
2 months ago
Thank you So Much For Your Kind Words, We Look Forward to Working With You Again in Future Thank You So Much For Purchasing From Bin Saeed Communication Khanewal Take Care Allah Hafiz.
Storage Capacity:128GB, Color Family:Black
16
1
aziz A.
2 months ago
...
Seller Response
2 months ago
Thank you So Much For Your Kind Words, We Look Forward to Working With You Again in Future Thank You So Much For Purchasing From Bin Saeed Communication Khanewal Take Care Allah Hafiz.
Storage Capacity:128GB, Color Family:Blue
8
1
2
3
4",6,12
PID81,"Gohar I.
4 months ago
...
this is the initial review. the phone is the same as shown.good thing is that it is managed directly by Daraz. packaging was amazing. order came 1 day late only.
Storage Capacity:128GB, Color Family:Mint
22
4
Yasir Q.
2 months ago
...
Daraz is very helpfulüòéüòéI was not have enough money to buy this range mobile so i buy on installment from darazüòçüòçüòç Mobile ki look boht achi hy or is range mai best hyüòÅThanks daraz and sellerü§ì
Storage Capacity:128GB, Color Family:Grey
20
1
3***4
3 months ago
...
Camera satisfactory nh ha, Baki mobile ok ha
Storage Capacity:128GB, Color Family:Blue
30
4
1
2
3
4
‚Ä¢‚Ä¢‚Ä¢
134",0,401
PID82,"Snake E.
3 weeks ago
...
I got what was shown, but I want to tell about the seller that my chat was not responded even after a couple of days, so please make your availability there so that the customer can place the order with full sitesify. Because the amount matters But my goal was to buy the product from there, so I took what I have and it is üíØ %authentic, and the warranty has not started yet, But the handsfree did not come out of the box, maybe not provided by the company. So the Overall experience was great and the seller is highly recommended. Thanks Daraz & Seller.ü•∞
Storage Capacity:256GB, Color Family:Black
26
4
israr A.
1 week ago
...
Great Experience as usual and I have purchased many mobiles from DARAZ but this time get maximum discount in 11/11 Sales on Note 30 pro
Storage Capacity:256GB, Color Family:Black
1
Amir B.
2 weeks ago
...
Allahamdolilah receivedüì© mobile is original and new as mentioned recommended for buying. same thing which is ordered rather late delivered
Storage Capacity:256GB, Color Family:Gold
4
1
2
3
4
‚Ä¢‚Ä¢‚Ä¢
51",217,152
PID83,"Habib R.
2 weeks ago
...
#11.11 PTA approved device received safely. Mobile battery was low and required charging before getting on.
Storage Capacity:128GB, Color Family:Blue
7
ChefMisbah
2 weeks ago
...
everything is perfect colour b same aya..üòá I am so happy thanks Daraz ..‚ù§ highly recommended... üëåüëç
Storage Capacity:128GB, Color Family:Blue
2
junaid K.
2 weeks ago
...
#11.11 sale main good mobile mil gaya hy market sy bhi sasta same as shown in the picture üò∫ reviews dekh ky tu dar gaya tha but ‚ù§Ô∏è genuine product hy pin pack pta approved and non active
Storage Capacity:128GB, Color Family:Blue
2
1
2
3
4
‚Ä¢‚Ä¢‚Ä¢
31",140,92
PID84,"Usman M.
2 weeks ago
...
Received as promised almost 10/10 condition genuine phone with genuine parts no issue found. Thanks will buy again in shaa allah
Color Family:Silver
24
4
1",0,1
PID85,"Hussain
4 months ago
...
So far it's good. Seems good. I'll update my review after checking thoroughly. By the way it's genuine product.
Storage Capacity:128GB, Color Family:Grey
11
Faisal B.
4 months ago
...
Very reasonable price, home delivery on the scheduled date, excellent packaging, unopened sealed phone box, approved from PTA, thank you daraz.
Storage Capacity:128GB, Color Family:Grey
9
Farhan K.
4 months ago
...
100% genuine phone. Timely delivered. Satisfied with my order from daraz.pk highly recommended
Storage Capacity:128GB, Color Family:Grey
6
4
1
2
3
4
‚Ä¢‚Ä¢‚Ä¢
66",0,198
PID86,"aamir B.
2 weeks ago
...
Tecno Spark 10 Pro üíØ% original mobile, PTA approved, sealed pack, box pack, with all accessories. thank and love u daraz and seller ü•∞üåπüëç
Storage Capacity:256GB, Color Family:Magenta
7
1
Muhammad Z.
1 week ago
...
Excellent üëç Pin pack device with mega discount in #11.11 #11.11 seller is honest Daraz has become a life patner. Thanks Daraz. Thanks Tecno Pakistan.
Storage Capacity:256GB, Color Family:White
2
A***.
2 weeks ago
...
Mobil is little bit slow, camera result average. Seller is not cooperating but product received is well packed and as per mentioned specifications
Storage Capacity:256GB, Color Family:Black
10
1
2
3
4
‚Ä¢‚Ä¢‚Ä¢
28",0,84
PID87,"Abdul H.
3 weeks ago
...
highly recommend...
Color Family:Silver
6
4
1",0,1
PID88,"Mohammad N.
5 months ago
...
very very beautiful mobile ..i very happy.. price b okk.thanks daraz and seller ..thanku
Storage Capacity:128GB, Color Family:Blue
115
8
Shahid B.
4 weeks ago
...
thank you Daraz. kam price m achi chiz. saller bht acha h. mobile bht acha h. jaisa dikha waisa paya
Storage Capacity:128GB, Color Family:Gold
9
1
Yasir M.
1 month ago
...
Awesome mobile recieved on time very fast processor lovely color seller are very cooperative totally satisfied üëåüëç
ÿßÿ≥ŸπŸàÿ±€åÿ¨ ⁄©€å ÿµŸÑÿßÿ≠€åÿ™:128GB, ÿ±ŸÜ⁄Ø:ÿ≥ŸÜ€Åÿ±ÿß ÿ±ŸÜ⁄Ø
46
3
1
2
3
4
‚Ä¢‚Ä¢‚Ä¢
32",225,94
PID89,"Abdul S.
2 months ago
...
1 . Look & Design: Phone is awesome in look very beautiful design. Feels like premium flagship 2. Performance : Satisfactory 3. Battery : Awesome 4. Front Camera Average 5. Back Camera : Good but not excellent 6. Over all : Value for money. Recommended this item.
Storage Capacity:128GB, Color Family:Black
28
5
3***8
2 months ago
...
ÿ®€Åÿ™ €Å€å ÿß⁄Ü⁄æÿß ŸÖŸàÿ®ÿßÿ¶ŸÑ €Å€í ÿßŸàÿ± ÿ®€Åÿ™ Ÿæ€åÿßÿ±€å Ÿæ€å⁄©ŸÜ⁄Ø €Å€í ÿ®€åÿ≥Ÿπ ⁄©ŸàÿßŸÑŸπ€å ⁄©ÿß ŸÖŸàÿ®ÿßÿ¶ŸÑ €Å€í ÿßŸàÿ± ÿ®€Åÿ™ €Å€å ⁄©ÿßŸÖ ŸÇ€åŸÖÿ™ ŸÖ€å⁄∫
Color Family:Black, Storage Capacity:128GB
30
5
M J.
2 months ago
...
I like the product its non active device and nicely company packed. I Always order from your store. üëç thanks i received samecolor as i want
Color Family:Green, Storage Capacity:128GB
19
1
1
2
3
4
‚Ä¢‚Ä¢‚Ä¢
44",182,132
PID90,"Zeeshan M.
2 weeks ago
...
Totally satisfied with my purchase.
Color Family:White
12
Sheher Y.
2 weeks ago
...
I got good value for money and will definitely buy from them again. The phone is in perfect condition and is a genuine product. 1111
Color Family:White
3
1",0,2
PID91,"Raz M.
1 week ago
...
Mashallah 11.11 Sale Received safe packed PTA approved Dilivered in time response excellent Great Quality Satisfied original item received thanks seller and Daraz üëçüëçüòÅüòä
Storage Capacity:64GB, Color Family:Copper
Muhammad Y.
2 weeks ago
...
Quality is good. Original product. Non activated
Storage Capacity:64GB, Color Family:White
AC R.
2 weeks ago
...
# 11.11 brand new. pin packed. good quality. got in 20000/- only. made in Pakistan. Seller Recommended.
Storage Capacity:64GB, Color Family:Copper
2
1
2
3
4
‚Ä¢‚Ä¢‚Ä¢
15",37,43
PID92,"Asb
2 weeks ago
...
awesome condition...very light and tiny scratch....91 percent battery...
Color Family:Black
1
1",0,1
PID93,This product has no reviews.,0,1
PID94,"Qasim I.
5 days ago
...
its PTA approved device..
Storage Capacity:64GB, Color Family:Multicolor
8
Raheel A.
2 weeks ago
...
Very Nice Mobile Thanks
ÿßÿ≥ŸπŸàÿ±€åÿ¨ ⁄©€å ÿµŸÑÿßÿ≠€åÿ™:64GB, ÿ±ŸÜ⁄Ø:ŸÖÿ™ÿπÿØÿØ ÿ±ŸÜ⁄Ø
33
1
1
2",76,4
PID95,"I***.
2 weeks ago
...
97% battery, scratch less, excellent condition, just like new.
Color Family:Red
1
1",0,1
PID96,"ANAM Z.
3 weeks ago
...
Very bad product.. Bettry health is very bad within 2 days bettry health 80 sy 75 ai.. faulty iphone hy...
Color Family:Space Grey
10
1",0,1
PID97,"Ali H.
2 weeks ago
...
Mobile phone kamal ka. tha bilkul ok piece tha.
Storage Capacity:64GB, Color Family:Black
10
farhat B.
2 hours ago
...
Baki Mobil tu thk ha but battery timing thori fast ha baki best ha thanks draz seller
Storage Capacity:64GB, Color Family:Multicolor
Hamza K.
2 weeks ago
...
bhot hi acha ha atna price ma acha hi atya ha
Storage Capacity:64GB, Color Family:Multicolor
2
1
2
3",35,7
PID98,"3***0
2 weeks ago
...
Deliver in 3 days No warrenty card No handfrees in box Only charger and low quality backcover in box Light weight Pakistan make set sparx Not Techno Spark Neo X But har cheez kam kar rahi hai design Acha hai Color Jo mangwaya wohi aya
Storage Capacity:64GB, Color Family:Maroon
10
3***1
3 weeks ago
...
Bht acha mobile he .Thank you.EXCELLENT Service.Delivered on time.
Storage Capacity:64GB, Color Family:Blue
17
Muhammad M.
3 weeks ago
...
so reasonable so beautiful just like a woo ‚ù§Ô∏èüòäüòÇ thanks daraz and thnks seller üëç
Storage Capacity:64GB, Color Family:Maroon
8
1
2
3
4
5
6
7",69,19
PID99,"Amjid H.
4 months ago
...
well packed, buht hi acha original mobile,, very fast delivery within just 2 days. good seller, I'm very happy and satisfied, thanks
Seller Response
4 months ago
thank you so much for your order review and rating keep shopping on daraz thank you
Storage Capacity:128GB, Color Family:Black
4
Usman A.
3 weeks ago
...
mobile is 100% genuine....üòç sealed pack.... seller is so much co operative... ü•∞ price is very low than other sellers or market....üëç recommended to all....üëçüëç thanks üíö
Seller Response
3 weeks ago
thank you so much for your precious order review and rating us keep shopping on daraz ‚ù§Ô∏è
Storage Capacity:128GB, Color Family:Purple
0***8
2 days ago
...
Great seller, Awesome, thank you so much.recommended seller
Seller Response
2 days ago
thank you so much for your precious order review and rating us keep shopping on daraz ‚ù§Ô∏è
Storage Capacity:128GB, Color Family:Purple
1
2
3
4
‚Ä¢‚Ä¢‚Ä¢
12",28,36
PID100,"3***1
2 days ago
...
it's really was a good experience , mobile phone has a brand new look, it's performance in future will prove it's ultimate quality and cost effectiveness
Storage Capacity:64GB, Color Family:Multicolour
Umer F.
1 day ago
...
The phone is damaged and is not working . Has been a week that I ordered a return request but haven‚Äôt received any rider who can pick up the defected piece
Storage Capacity:64GB, Color Family:Multicolour
*******847
3 days ago
...
ŸæŸÑ€åÿ≤ ÿ≥ÿ± ÿßŸæŸÜÿß ⁄Ü€åÿ≤ ŸàÿßŸæÿ≥ ŸÑ€í ÿ¨ÿßŸà ŸÜ€Å€å⁄∫ ⁄Üÿß€í €ÅŸÖ
Storage Capacity:64GB, Color Family:Multicolour
2
1
2
3
4",50,11
PID101,"3***6
3 weeks ago
...
waqt se pehly Dilevry hogai. mob b new he. jazakallah dear
Storage Capacity:256GB, Color Family:Blue
3
1",22,2
PID102,"3***9
3 months ago
...
honest seller fast shipping phone is very good camera results also nice all over good phone and I ordered again
Seller Response
3 months ago
thank you so much for your precious order review and rating us keep shopping on daraz ‚ù§Ô∏è
Storage Capacity:128GB, Color Family:Green
15
2
reeb
1 day ago
...
Original product, good service and quick delivery.
Seller Response
1 day ago
thank you so much for your precious order review and rating us keep shopping on daraz ‚ù§Ô∏è
Storage Capacity:128GB, Color Family:Black
1
Ahmed
2 weeks ago
...
Seller is very Good person.It delivered in just 22hours and Phone is very good üëç Same as shown and Very Affordable phone .Very Recommended
Seller Response
2 weeks ago
thank you so much for your precious order review and rating us keep shopping on daraz ‚ù§Ô∏è
Storage Capacity:128GB, Color Family:Black
6
1
2
3
4
‚Ä¢‚Ä¢‚Ä¢
16",49,47
PID103,"Faheem Y.
7 months ago
...
Deliver on time good product üëç
Storage Capacity:128GB, Color Family:Grey
3
Waqar B.
3 months ago
...
Product quality is good as per the expectations, its value for money. But price is comparatively bit high as per the market.
Storage Capacity:128GB, Color Family:Grey
3
daud A.
2 months ago
...
original product delivered .... reliable seller ....... timely delivered ....!
Storage Capacity:128GB, Color Family:Grey
4
1
2
3
4
‚Ä¢‚Ä¢‚Ä¢
8",25,24
PID104,This product has no reviews.,9,1
PID105,"s***.
1 week ago
...
#11.11 Genuine seller, he sent exact same item as shown. Phone was seal packed and brand new. Loved the phone. Such a great buy in so affordable priceü•∫‚ù§Ô∏è totally loved it.... highly recommendedüòç Thank u daraz Thank u seller .... 5 stars from my sideüåüüåüüåüüåüüåü
Storage Capacity:128GB, Color Family:Black
2
1
NAVEED A.
2 months ago
...
very nice set seller is very cooperative special thanks color is same as asked
Storage Capacity:128GB, Color Family:Blue
2
Mi S.
3 weeks ago
...
nyccc mobile delivery time very short jasa mobile dhka tha wasa he haa
Storage Capacity:128GB, Color Family:Blue
1
1
2
3
4
‚Ä¢‚Ä¢‚Ä¢
17",45,49
PID106,"Samia R.
2 months ago
...
pehli br draz sy itni mehnghi cheez li ha. i was so scared. wo b advance payment py. ak tu is me headfone include nhi. wo msla company ka ha. dusra black color order kia ta. seller ny bina pochy yh bej dia. itna issue ni h at least ak br pochna chye na? i pay 41000 for it k market sy b zada h. wo b adjustable h. phone mujy bht psnd aya isk features. clr ghlt bejny ki wja giving 4 star.
Storage Capacity:128GB, Color Family:Black
15
3***8
2 months ago
...
Perfect Mobile reasonable price , Delivery with in 2days Seller was good Thankyou so much
Storage Capacity:128GB, Color Family:Wither Black
2
View P.
2 months ago
...
- Very good quality built - Good performance - Safely delivered - Good seller service
Seller Response
2 months ago
Thank you for trusting alhamdulilah trading khanewal,hope you will prefer us for next. Thank you once again for rating Jazak Allah
Color Family:Black, Storage Capacity:128GB
6
1
1
2
3
4
‚Ä¢‚Ä¢‚Ä¢
8",33,22
PID107,"Muhammad A.
4 months ago
...
Aoa Jaisa bola waisa he mobile mila bohat khushi howi seller bi bohat cooperative ha jo color kaha wohi bheja thx seller market rate se kam pr mila zbrdst shabash
Seller Response
4 months ago
Thank You Soooo Much For Your Kind Words ,We Look Forward to Working With You Again In Future Thank You Soo Much For Purchasing From Ali Communication Khanewal Take Care Allah Hafiz
Storage Capacity:64GB, Color Family:White
9
1
3***6
3 months ago
...
Highly recommended beautiful Mobile thank you seller üòç
Seller Response
3 months ago
Thank You Soooo Much For Your Kind Words ,We Look Forward to Working With You Again In Future Thank You Soo Much For Purchasing From Ali Communication Khanewal Take Care Allah Hafiz
Storage Capacity:64GB, Color Family:Purple
6
Zain N.
3 weeks ago
...
Color was different than I order. I ordered purple but got black. The box of phone was already opened. Bad experience.
Seller Response
2 weeks ago
Ye Apko sealpack Dispatched hoa item Seal open krne k bad ki pics apne upload ki further apki warranty same date me active hoe jab mila apko Please check Warranty
Storage Capacity:64GB, Color Family:Purple
1
2
3
4
‚Ä¢‚Ä¢‚Ä¢
14",0,40
PID108,"Ahmad M.
4 months ago
...
Bht acha mobile hüòçhm bht khush hain itna acha r discount py mobile khareda hmny ‚ù§Ô∏èthank you so much daraz and seller üíïüòçseller is really very cooperative üòçAllah apko khush rkhy amen. ‚ù§Ô∏èJo Jo chez mentioned h description mein. Wo sb delivered hoi hüòçüíô
Storage Capacity:128GB, Color Family:Mint
11
SHAHID A.
4 months ago
...
excellent mobile with brand name on this price with 2 years security warranty. üëç
Storage Capacity:128GB, Color Family:Mint
2
Muhammad A.
4 months ago
...
Best mobile in this price. Big screen he. Nicely raped by seller. Recommended for midrange persons.
Storage Capacity:128GB, Color Family:Mint
4
1
2
3
4
‚Ä¢‚Ä¢‚Ä¢
25",101,73
PID109,No reviews,0,0
PID110,"Essa B.
3 months ago
...
EXCELLENT PACKING üëå& MOBILE ORIGINAL AS PER SELLER DESCRIBED. HIGHLY RECOMMENDED üëç. MOBILE IS SO CUTE & SLIM LIGHT WEIGHT. MOBILE WORKING GREAT & CHARGING FASTLY. MOBILE WITH ANDRIOD 13 VERSION & MOBILE SPEED FOR REGULAR USAGE BEST. HONEST & BEST SELLER WITH HUGE DISCOUNTS. ALL ACCESSORIES INCLUDED. DARAZ BEST.
Seller Response
3 months ago
Thank you So Much For Your Kind Words, We Look Forward to Working With You Again in Future Thank You So Much For Purchasing From Bin Saeed Communication Khanewal Take Care Allah Hafiz.
Storage Capacity:64GB, Color Family:Green
2
Asad U.
2 months ago
...
Good Mobile Genuine, Trusted Seller.. Thank You So Much.........
Seller Response
2 months ago
Thank you So Much For Your Kind Words, We Look Forward to Working With You Again in Future Thank You So Much For Purchasing From Bin Saeed Communication Khanewal Take Care Allah Hafiz.
Storage Capacity:64GB, Color Family:Black
2
Sajid A.
2 months ago
...
Same received as shown. Thanks a lot of seller and daraz also. üëç‚ù§Ô∏èüëç
Seller Response
2 months ago
Thank you So Much For Your Kind Words, We Look Forward to Working With You Again in Future Thank You So Much For Purchasing From Bin Saeed Communication Khanewal Take Care Allah Hafiz.
Storage Capacity:64GB, Color Family:Green
5
1
2
3
4
5
6
7",5,21
PID111,"Guest G.
3 hours ago
...
Product is original. Charger, Cable, Protector & cover was also present in box. Only system of warranty is unclear. Delivery was very late.
Storage Capacity:64GB, Color Family:Black
**********84
3 weeks ago
...
very nice PTA prove nice bht bht Khushi hoi mobile dykh kr thanks draz
Storage Capacity:64GB, Color Family:Green
12
S***.
4 weeks ago
...
We get it fast delivery and good item with warranty
Storage Capacity:64GB, Color Family:Black
1
1
2
3
4
5
6",10,16
PID112,No reviews,16,0
PID113,"Muhammad F.
2 months ago
...
Nice one receive same as pic and good packing nice seller service and PTA approve device very nice..‚ù§‚ù§‚ù§
Seller Response
2 months ago
Thank you for trusting alhamdulilah trading khanewal, hope you will prefer us for next purchase. Thank you once again for rating Jazak Allah
Storage Capacity:64GB, Color Family:Green
13
1
Muhammad F.
1 month ago
...
very nice good üëçüëçüëç
Seller Response
1 month ago
Thank you for trusting alhamdulilah trading khanewal, hope you will prefer us for next purchase. Thank you once again for rating Jazak Allah
Storage Capacity:64GB, Color Family:Green
2
Bilal A.
3 weeks ago
...
Very Nice and cooperative Seller. My Parcel received in 24 hours. Delivery Service is very Good. Overall Mobile packing is very Good.
Seller Response
3 weeks ago
Thank you for trusting alhamdulilah trading khanewal, hope you will prefer us for next purchase. Thank you once again for rating Jazak Allah
Storage Capacity:64GB, Color Family:Black
2
1
2
3
4
5
6
7",50,21
PID114,No reviews,0,0
PID115,"Moazzam
5 days ago
...
100 percent original product. The seller shipped fast but the daraz delivery service was very poor because of the #11.11 sale. received 3 days late after delivery timeline.
Storage Capacity:256GB, Color Family:Blue
1
Mati M.
1 month ago
...
Genuine & Authentic product. Seller is highly recommended & professional who responds to all my queries on time.
Storage Capacity:256GB, Color Family:Black
7
Syed I.
3 weeks ago
...
Orginal Mobile recommended to all
Storage Capacity:256GB, Color Family:Blue
1
1
2",41,6
PID116,"Inam K.
1 month ago
...
Amazing phone in that price, highly recommend
Seller Response
1 month ago
thank you so much for your precious order review and rating us keep shopping on daraz ‚ù§Ô∏è
Storage Capacity:128GB, Color Family:Black
1
1",49,1
PID117,"Aqib A.
9 hours ago
...
Very good and nice mobile
Storage Capacity:16GB, Color Family:Multicolor
1",2,1
PID118,"Ghazia R.
11 hours ago
...
Amazing, delivered on time and quality is amazing
Seller Response
8 hours ago
Thank you So Much For Your Kind Words, We Look Forward to Working With You Again in Future Thank You So Much For Purchasing From Bin Saeed Communication Khanewal Take Care Allah Hafiz.
Storage Capacity:128GB, Color Family:Purple
1",0,1
PID119,"Muhammad I.
3 months ago
...
seller is very cooperative and well manner. I will recommend. I have received techno spark 10 pro same as I ordered. I will give him five star because I requested him to deliver the mobile as soon as possible and he did the same I have received my parcel in 2 days only . I loved to buy again from him. thanks
Storage Capacity:128GB, Color Family:Black
18
4
Hina F.
2 months ago
...
Today I received my ordar 1st ko ordar kiya tha. 3 days mai recive hogya jaisa dekha tha waisa ge aya color ja issue tha tu seller nai contact kiya I appreciated hus effort set sach m bht acha hy
Storage Capacity:128GB, Color Family:Black
8
sidra K.
1 month ago
...
Masha allah bht acha mobile Hy. delivery bht jaldi hogai Hy. .... thank you so much
Storage Capacity:128GB, Color Family:Ash White
4
1
2
3
4
‚Ä¢‚Ä¢‚Ä¢
11",0,33
PID120,"M***.
3 days ago
...
received the parcel in appropriate condition. price is good seller was coperative. color size and sleakness of the mobile is kamaal. i hope it would work fine.
Color Family:Charcoal, Storage Capacity:64GB
Jehangir K.
3 months ago
...
received well packed in perfect condition, overall very happy with my purchase and will be buying again
Storage Capacity:64GB, Color Family:Charcoal
7
Shazia R.
2 months ago
...
The mobile blacked out after 4 days. It is a fake product. The seller is not solving the problem. Don‚Äôt buy this is a big scam. The seller is very dishonest. It is Draz mall approved product and even the Mart is not copererating and taking any responsibility
Storage Capacity:64GB, Color Family:Charcoal
9
1
2
3
4
5
6",28,16
PID121,No reviews,0,0
PID122,No reviews,0,0
PID123,"Muhammad B.
6 months ago
...
unbelievable, well.packed, safely reached and the phone is in 10/10 condition with not even a single scratch on it. 5 stars and recommend.
Storage Capacity:32GB, Color Family:Black
9
Allie R.
5 months ago
...
dil khush krdia, jo chiz dikhai wahi bheji, mobile mein koi fault nhi, koi nuks nhi, koi masla nhi, ek dam new mobile lag rha hai. box bhi dia hai mobile k sath. recommended seller sub k liye, reliable and trusted seller. ankh band kar k order karen insha allah perfect mobile milega apni zban ka pakka hai seller or dusre sellers or mobile market walo ki tarah dhoka nhi kara. seller 10 stars ka haqdar hai lekin daraz m sirf 5 hain is liye 5 out of 5.
Storage Capacity:32GB, Color Family:Black
15
adil K.
5 months ago
...
excellent phone with 10/10 condition just like new. spotless screen without any scratches, back cover in excellent condition with shiny blue color. wifi, camera and charging working perfectly. genuine and cooperative seller.
Storage Capacity:32GB, Color Family:Black
5
1
2
3
4
‚Ä¢‚Ä¢‚Ä¢
8",59,24
PID124,No reviews,0,0
PID125,No reviews,1,0
PID126,No reviews,0,0
PID127,"Imran S.
7 months ago
...
Mobile received free of scratches and well packed in daraz own packing. It is PTA approved product and i am satisfied with performance and battery timings. Mobile is received without original box.
Color Family:Black, Storage Capacity:128GB
4
2
Wajid H.
4 months ago
...
Alhamdolillah nice phone, piece is almost clear along with charging brick, cable and handsfree, the packing was good and delivered on time.
Storage Capacity:128GB, Color Family:Black
4
2
Tasnim A.
10 months ago
...
Excellent product and excellent service by the seller to get PTA approval. Genuine unlocked for development purposes and supports Android 14 preview.
Color Family:Black, Storage Capacity:128GB
1
2
1
2
3
4
5
6",64,18
PID128,No reviews,0,0
PID129,No reviews,0,0
PID130,"Hafiz U.
2 weeks ago
...
Excellent service and product, it was nice experience with Ali communication. Recommended to shop from here.
Storage Capacity:256GB, Color Family:Grey
Hassaan T.
2 months ago
...
Been using the phone for a week. It's original product, came pin packed in the given delivery time. Is a good phone for it's price. Seller is reliable and helped by telling us what colors were available and was kind enough to guide me if I wanted what was available or else could refund us. Very honest & professional. Highly recommended.
Storage Capacity:256GB, Color Family:Blue
1
Waseem A.
3 weeks ago
...
Storage Capacity:256GB, Color Family:Grey
1
2",0,4
PID131,No reviews,0,0
PID132,"Zeeshan A.
3 months ago
...
sir Mobil bhat acha Hy or achi qualti Hy nice Mobil v nice
Storage Capacity:128GB, Color Family:White
10
Rehmat U.
4 months ago
...
genuine product.. the seller is very cooperative and honest man.. recommended..
Storage Capacity:128GB, Color Family:White
3
3***5
2 months ago
...
Storage Capacity:128GB, Color Family:White
2
1
2
3",25,8
PID133,No reviews,1,0
PID134,No reviews,0,0
PID135,This product has no reviews.,0,1
PID136,No reviews,0,0
PID137,"MUHAMMAD U.
4 days ago
...
Received in 16 Hours fast delivery good job seller pin pack mobile
Seller Response
4 days ago
Thank You Soooo Much For Your Kind Words ,We Look Forward to Working With You Again In Future Thank You Soo Much For Purchasing From Ali Communication Khanewal Take Care Allah Hafiz
Storage Capacity:256GB, Color Family:Ash White
1",0,1
PID138,"Haris A.
2 months ago
...
Perfect item with an expedited shipping. i received my item within one day with complete accessories. Brand warranty, charger or phone case with a complete box and perfect packing. A very strongly recommended seller.
Storage Capacity:128GB, Color Family:Grey
Ch A.
3 months ago
...
strongly Recommended Thankyou Saller üòç
Storage Capacity:128GB, Color Family:Blue
1
muhammad B.
3 weeks ago
...
responsible price fast delivery. vohi received hova jo order kia tha.
Storage Capacity:128GB, Color Family:Green
1
1
2
3",0,9
PID139,No reviews,0,0
PID140,No reviews,3,0
PID141,"Ahmed
8 months ago
...
Very good seller, 100% geniune and seal pack box received and all is fine, and fast delivery . Many thanks to seller Mobile is also very good design slim smart light wieght and attractive.
Storage Capacity:128GB, Color Family:Black
Murad H.
7 months ago
...
The seller is authentic, I ordered the phone from isb and the seller is from Khanawal through UBL credit card on installments on Friday and got the phone on Monday, that is very fast, phone is new had all the seals, overall a very good experience with daraz seller and UBL. thanks
Storage Capacity:128GB, Color Family:Black
3
Muhammad A.
7 months ago
...
ÿ®€Åÿ™ €Å€å ÿ®€Åÿ™ÿ±€åŸÜ ⁄©ŸàÿßŸÑŸπ€å €Å€íÿå ÿßŸàÿ±ÿØŸà ÿ™€åŸÜ ÿØŸÜ ŸÖ€å⁄∫ ÿ¢ÿ±⁄àÿ± ŸÖŸàÿµŸàŸÑ €ÅŸàÿß€î ÿ®€Åÿ™ €Å€å ÿß⁄Ü⁄æ€å ÿ≥ÿ±Ÿàÿ≥ €Å€í ÿ¨ŸÜÿßÿ® ÿ¢Ÿæ ⁄©€å€î
Storage Capacity:128GB, Color Family:Blue
1
1
2
3
4
‚Ä¢‚Ä¢‚Ä¢
21",11,63
PID142,"Ghulam
1 week ago
...
Storage Capacity:64GB, Color Family:White
1",0,2
PID143,No reviews,0,0
PID144,This product has no reviews.,0,1
PID145,"Usman M.
3 months ago
...
Kamal phone bejha h bhai ne mujhe to bhut pasand Aya h jis ko dena h dekho ous ko Pasand ay ga ya nai
Seller Response
3 months ago
Thank you So Much For Your Kind Words, We Look Forward to Working With You Again in Future Thank You So Much For Purchasing From Bin Saeed Communication Khanewal Take Care Allah Hafiz.
Storage Capacity:64GB, Color Family:Black
4
SALEEM A.
2 weeks ago
...
Amazing Product Great and Genuine Device Thanks Daraz Team And thanks to This Device sender owner thanks to all of you..
Seller Response
2 weeks ago
Thank you So Much For Your Kind Words, We Look Forward to Working With You Again in Future Thank You So Much For Purchasing From Bin Saeed Communication Khanewal Take Care Allah Hafiz.
Storage Capacity:64GB, Color Family:Blue
1",0,3
PID146,"3***4
2 weeks ago
...
Very professional and same product recieved which i have ordered. limited in stock but they manage to deliver it the same items which is being ordered. Thanks and really appreciate for your service
Storage Capacity:256GB, Color Family:Black
1
1",0,1
PID147,"zain G.
3 weeks ago
...
I have ordered and successfully received it but its not pta approved officially its is just patch approve thats why im giving you negative review and i would like to return my package back to you because i dont want patch approve mobile Thank You you have successfully wasted my time
Storage Capacity:32GB, Color Family:Not Specified
8
Nadeem A.
11 hours ago
...
Good hone but operating system absolute
Storage Capacity:32GB, Color Family:Not Specified
Zak A.
3 days ago
...
acceptable
Storage Capacity:32GB, Color Family:Not Specified
1
2",42,6
PID148,No reviews,0,0
PID149,No reviews,0,0
PID150,"assad M.
2 weeks ago
...
Seller Response
2 weeks ago
Thank you So Much For Your Kind Words, We Look Forward to Working With You Again in Future Thank You So Much For Purchasing From Bin Saeed Communication Khanewal Take Care Allah Hafiz.
Storage Capacity:64GB, Color Family:Black
3
1
1
2",3,6
PID151,"mohammad
3 weeks ago
...
The mobile arrived quickly, excellent service
Storage Capacity:256GB, Color Family:Grey
1",0,1
PID152,No reviews,0,0
PID153,No reviews,0,0
PID154,No reviews,1,0
PID155,No reviews,3,0
PID156,"Dilshad A.
2 months ago
...
Product is good. seller is very responsive. Shipped the product and also delivered on time.
Seller Response
2 months ago
Thank You Soooo Much For Your Kind Words ,We Look Forward to Working With You Again In Future Thank You Soo Much For Purchasing From Al Saeed Communication Khanewal Take Care Allah Hafiz
Storage Capacity:256GB, Color Family:Grey
4
Sobia I.
1 month ago
...
Fast and reliable
Seller Response
1 month ago
Thank You Soooo Much For Your Kind Words ,We Look Forward to Working With You Again In Future Thank You Soo Much For Purchasing From Al Saeed Communication Khanewal Take Care Allah Hafiz
Storage Capacity:256GB, Color Family:White
1
Farrukh S.
3 weeks ago
...
Very good and fantastic with vibrant color. truly value to money. Special thanks to the seller who is very cooperative & responsive.
Seller Response
3 weeks ago
Thank You Soooo Much For Your Kind Words ,We Look Forward to Working With You Again In Future Thank You Soo Much For Purchasing From Al Saeed Communication Khanewal Take Care Allah Hafiz
Storage Capacity:256GB, Color Family:Grey
1
2",0,6
PID157,No reviews,0,0
PID158,"M.Shakir
3 months ago
...
Delivery to late but service ok
Seller Response
3 months ago
Thank you So Much For Your Kind Words, We Look Forward to Working With You Again in Future Thank You So Much For Purchasing From Bin Saeed Communication Khanewal Take Care Allah Hafiz.
Storage Capacity:128GB, Color Family:Silver
3
Maryam K.
3 months ago
...
Hi, I did not received phone charger and hands free. This was complete box pack phone. But accessories are missing.
Storage Capacity:128GB, Color Family:Black
2
2
Namaloom F.
4 weeks ago
...
excellent phone in this price range. product is delivered with in a single day.
Seller Response
4 weeks ago
Thank you So Much For Your Kind Words, We Look Forward to Working With You Again in Future Thank You So Much For Purchasing From Bin Saeed Communication Khanewal Take Care Allah Hafiz.
Storage Capacity:128GB, Color Family:Silver
1
2",1,5
PID159,"Muhammad A.
3 weeks ago
...
amazing service, quick delivery, packing was fine. Satisfied with service
Seller Response
3 weeks ago
Thank You Soooo Much For Your Kind Words ,We Look Forward to Working With You Again In Future Thank You Soo Much For Purchasing From Ali Communication Khanewal Take Care Allah Hafiz
Storage Capacity:256GB, Color Family:Green
1",0,1
PID160,"Syed N.
2 years ago
...
Same item delivered. Fresh piece but the issue is with its LCD panel. It seems that panel is re-paste. As from one corner the LCD is little bit high then center. Pictures attached for reference. Thanx to DARAZ for refund.
Storage Capacity:32GB, Color Family:Mix
5
Mohsin R.
1 year ago
...
Jasi Manay pic send ki Mobile bi bilkul iasa hi tha.. battery timing bi best ha Price bi best haa... Mobile ka technical part mari 2nd pic jasa tha... Bohat kamal ka lakin out of course hehe.. Friends ajj kaal 11000 ka ata hi kia ha..Friends remember this that everything is not perfect for you... Baki App mobile buy qarqay iak Baar khud try qarlaay.. Thanks Dear... agar ksi ko kush pushna hoo iss mobile kaay baray maay mazeed to vo muj saay iss email par rabta qar sakta ha...... {[... raidpromocodes...agay gmail and com likh laay]}Note: My review is only for active and master mind people....
Storage Capacity:32GB, Color Family:Mix
Mir M.
3 years ago
...
sir tcs ofice chaking number mang rhy hen
Storage Capacity:32GB, Color Family:Mix
1
1
2
3
4
‚Ä¢‚Ä¢‚Ä¢
10",102,29
PID161,No reviews,6,0
PID162,No reviews,0,0
PID163,No reviews,0,0
PID164,No reviews,0,0
PID165,"Anjum R.
2 weeks ago
...
Untrustworthy seller. Two sets were ordered and both are already activated. It came from Khanewal in 7 days, very poor services
Seller Response
2 weeks ago
Thank you So Much For Your Kind Words, We Look Forward to Working With You Again in Future Thank You So Much For Purchasing From Bin Saeed Communication Khanewal Take Care Allah Hafiz.
Storage Capacity:64GB, Color Family:Black
1",0,2
PID166,No reviews,0,0
PID167,"adnan M.
3 weeks ago
...
my first purchase experience from daraz but seller makes it marvellous.product delivered well before time as written on advertisement and chosen daba pack.good customer caring seller welldone
Seller Response
3 weeks ago
Thank You Soooo Much For Your Kind Words ,We Look Forward to Working With You Again In Future Thank You Soo Much For Purchasing From Al Saeed Communication Khanewal Take Care Allah Hafiz
Storage Capacity:128GB, Color Family:Grey
Farhan S.
2 months ago
...
Seller Response
2 months ago
Thank You Soooo Much For Your Kind Words ,We Look Forward to Working With You Again In Future Thank You Soo Much For Purchasing From Al Saeed Communication Khanewal Take Care Allah Hafiz
Color Family:Green, Storage Capacity:128GB
*******869
2 months ago
...
This is my second experience with this company very nice people in the company they have excellent services and delivery timing is also very fast and very cooperative people. The mobile is also exactly as shown in the picture,..
Color Family:Grey, Storage Capacity:128GB
1
2
3",0,7
PID168,"Usman J.
2 months ago
...
mashAllah orgnal mobile tha box ma thi nice üëç thanks seller
Storage Capacity:64GB, Color Family:Chocolate
5
1
1",3,1
PID169,No reviews,1,0
PID170,"0***6
6 months ago
...
phone hot ho jata hai msg bhi a jata hai set ki TRF say or battry trimming bhi kum hai
Seller Response
5 months ago
Thank you So Much For Your Kind Words, We Look Forward to Working With You Again in Future Thank You So Much For Purchasing From Bin Saeed Communication Khanewal Take Care Allah Hafiz.
Storage Capacity:128GB, Color Family:Glowing Black
1",4,1
PID171,No reviews,1,0
PID172,No reviews,0,0
PID173,"Nouman W.
2 months ago
...
Product is same as shown in picture. One year e warranty. start with the activation of product. Seller sent I in secure bubble box. 8 GB of physical Ram which is a plus point. camera is average not tha well. I bought it in 28,500/- in promotion period. it gets heated on vigorous use sometimes. very good for average users. battery exhaust in one day on excessive use which is good. charging time is 3.5 hours. comes with charger, cable, outside cover and pin ejector. good deal in this price range.
Seller Response
1 month ago
THANKS FOR THE RESPONCE SIR
Color Family:Blue, Storage Capacity:128GB
1
3***5
3 months ago
...
The product is very good üëçüòä
Seller Response
3 months ago
shukriya sir ,insha Allah ap ko hamaisha yahan se achi cheez hi milay gi
Color Family:Black, Storage Capacity:128GB
1
SULEMAN A.
4 months ago
...
Excellent product and service. 100% recommended to all buyers üëç
Seller Response
4 months ago
thank yo so much sir ,Jazzak Allah
Color Family:Blue, Storage Capacity:128GB
1
1
2
3
4
5
6",60,16
PID174,This product has no reviews.,4,2
PID175,This product has no reviews.,0,1
PID176,"0***0
3 months ago
...
overall good thanks to daraz and seller ‚ù§Ô∏è
Storage Capacity:32GB, Color Family:Multicolor
8
1
N***.
9 months ago
...
kmal ka mobile ha zabardast
Color Family:Mix, Storage Capacity:32GB
10
****6
1 month ago
...
1. WiFi se connect Kia ha, internet bohet slow chalta ha. isi WiFi se koe aor mobile connect ho to wo thek speed se download kerty hn. 2. what's app account create kernay me masla aata ha. Code receive nei hota ha
Storage Capacity:32GB, Color Family:Multicolor
3
1
1
2",129,4
PID177,No reviews,0,0
PID178,No reviews,0,0
PID179,No reviews,0,0
PID180,This product has no reviews.,9,1
PID181,No reviews,0,0
PID182,No reviews,0,0
PID183,No reviews,1,0
PID184,"Umer M.
2 months ago
...
mobile bhtttt acha hy or battery timing b good hy
Seller Response
2 months ago
thank you so much for your precious order review and rating us thank you ‚ù§Ô∏è
Storage Capacity:32GB, Color Family:Blue
1
Hasan A.
2 months ago
...
it was too good,pin packed and delivered much earlier .
Seller Response
2 months ago
thank you so much for your precious order review and rating us keep shopping on daraz ‚ù§Ô∏è
Storage Capacity:32GB, Color Family:Blue
3
Murtaza R.
3 months ago
...
Mobile s excellent n delivery was also in time seller s cooperative and sent original product 100% genuine
Seller Response
3 months ago
thank you so much for your precious order review and rating us keep shopping on daraz ‚ù§Ô∏è
Storage Capacity:32GB, Color Family:Blue
2
1
2
3",12,7
PID185,"S***.
6 days ago
...
The product was delivered within time, and the same as shown.
Storage Capacity:128GB, Color Family:Green
1",7,1
PID186,No reviews,0,0
PID187,"Syed H.
2 weeks ago
...
Good product , I am satisfied, delivery was bit late then last but seller is responsive. I ll be recommend him to buying.
Seller Response
2 weeks ago
Thank you So Much For Your Kind Words, We Look Forward to Working With You Again in Future Thank You So Much For Purchasing From Bin Saeed Communication Khanewal Take Care Allah Hafiz.
Storage Capacity:32GB
1
Zakkiullah B.
2 years ago
...
exact same mobile is delivered very good nic and dabba pack
Seller Response
1 year ago
Dear Customer, Thanks for your order and good review.
Storage Capacity:32GB, Color Family:Starry Black
3
Salman J.
5 months ago
...
Packaging was good and received gift as well
Seller Response
4 months ago
Thank you So Much For Your Kind Words, We Look Forward to Working With You Again in Future Thank You So Much For Purchasing From Bin Saeed Communication Khanewal Take Care Allah Hafiz.
Storage Capacity:32GB, Color Family:Starry Black
1
2
3",4,7
PID188,No reviews,12,0
PID189,"Usman H.
2 months ago
...
100% recommended sparx genuine products will compete with the previous company,5 star ‚≠ê to All team of Daraz except seller 3 star ‚≠ê due to colour changed without any logic, order for family blue seller sent family mint ,that is also delightful.
Storage Capacity:64GB, Color Family:Blue
6
1
Ajaz R.
3 months ago
...
Good smartphone in this price range with 90hz Display loud sound good looking glass back and long battery life fast delivered.Recomend seller and store.
Storage Capacity:64GB, Color Family:Blue
7
*********16
2 months ago
...
It's a very good mobile, only the color change was there, the rest of the mobile company' packing is great ....üíïüíïüíïüíû
Storage Capacity:64GB, Color Family:Blue
5
1
2
3
4",0,12
PID190,No reviews,0,0
PID191,This product has no reviews.,0,2
PID192,This product has no reviews.,0,1
PID193,No reviews,0,0
PID194,No reviews,0,0
PID195,No reviews,0,0
PID196,"Ali Z.
5 months ago
...
üëç
Seller Response
5 months ago
ü§ù
Color Family:Not Specified, Storage Capacity:64GB
1
1",91,2
PID197,"N***.
6 months ago
...
ŸÖÿßÿ¥ÿßÿ°ÿßŸÑŸÑ€Å ÿ®€Åÿ™ ÿ≤ÿ®ÿ±ÿØÿ≥ÿ™ ŸÖŸàÿ®ÿßÿ¶ŸÑ ŸÅŸàŸÜ €Å€í €Åÿ± ŸÑÿ≠ÿßÿ∏ ÿ≥€í ÿ®€Åÿ™ÿ±€åŸÜ €Å€í ÿßŸàÿ± ÿ≥ÿ® ÿ≥€í ÿ®⁄ë⁄æ ⁄©ÿ± ÿ≥€åŸÑÿ± ÿ®€Åÿ™ ÿß⁄Ü⁄æÿß ÿßŸÜÿ≥ÿßŸÜ €Å€í ÿßŸÑŸÑ€Å ÿ™ÿπÿßŸÑ€åŸ∞ ÿßÿ≥⁄©€í ÿ±ÿ≤ŸÇ ÿ≠ŸÑÿßŸÑ ŸÖ€å⁄∫ ÿßÿ∂ÿßŸÅ€Å ŸÅÿ±ŸÖÿß€ì
Seller Response
6 months ago
Thank You Soooo Much For Your Kind Words ,We Look Forward to Working With You Again In Future Thank You Soo Much For Purchasing From Ali Communication Khanewal Take Care Allah Hafiz
Storage Capacity:128GB, Color Family:Blue
Bilal A.
7 months ago
...
Good Seller. Order recieved on time.Package was nicely packed order 2 phones. Recommended Seller.
Seller Response
7 months ago
hank You Soooo Much For Your Kind Words ,We Look Forward to Working With You Again In Future Thank You Soo Much For Purchasing From Ali Communication Khanewal Take Care Allah Hafiz
Storage Capacity:128GB, Color Family:Black
1
M M.
7 months ago
...
bht ACHA mobile ha intime delivery comfortable mobile
Seller Response
7 months ago
Thank You Soooo Much For Your Kind Words ,We Look Forward to Working With You Again In Future Thank You Soo Much For Purchasing From Ali Communication Khanewal Take Care Allah Hafiz
Storage Capacity:128GB, Color Family:Blue
1
2
3
4
‚Ä¢‚Ä¢‚Ä¢
10",16,28
PID198,"Babar H.
5 months ago
...
I had a great experience with this seller's fast delivery and I got the original product but the price was a little bit more market rate. overall good experience. thanks daraz thank seller.
Color Family:Green, Storage Capacity:128GB
samar A.
3 months ago
...
The speaker is not good
Color Family:Purple, Storage Capacity:128GB
1",0,3
PID199,No reviews,0,0
PID200,"abdul S.
1 year ago
...
All is well . Within 24 hours delivered . I purchased mobile on installments plan and it was same thing as I expected . Related shop needs some appreciation too.i would happily ready to get more orders from daraz and will sujjest others too
Storage Capacity:128GB, Color Family:Blue
3
Abdul R.
11 months ago
...
I received my parcel in good condition. Packing was excellent. Lekin mujhay eik baat kee semijh nehe aa rehi ka ma nay 27 February koo order keya hay or phone mujhay 30 February koo mila hay mugar is kee jehan online warienty sho hoti hay wehan per 7 January aa rehi hay. Saler is ka baray ma kuch bataya ga ka asa q hay. Meray bhai nay phone laya tha us din open kia us din enhoon nay khud online warienty feed kee thee. Mary phone kee warienty phelay say aa rehi thee. kia ya Phone phelay say open tha.?? Saler kuch bataya ga??
Storage Capacity:128GB, Color Family:Black
1
M. N.
1 year ago
...
I am very happy. I receive my parcel in good condition. packing was excellent. seller is a good person. his behaviour is very friendly. my parcel reached in 24 hours. on my request seller make a special City parcel for me I am very happy and thankful to the seller for this kindness.
Storage Capacity:128GB, Color Family:Blue
1
2
3
4
‚Ä¢‚Ä¢‚Ä¢
12",5,34
